"id","submitdate","lastpage","startlanguage","startdate","datestamp","Nummer","Systeem","StapApp[1_Aantal]","StapApp[2_Aantal]","StapApp[3_Aantal]","StapApp[4_Aantal]","StapApp[5_Aantal]","StapApp[6_Aantal]","StapApp[7_Aantal]","CommentApp[1]","CommentApp[2]","CommentApp[3]","CommentApp[4]","CommentApp[5]","CommentApp[6]","CommentApp[7]","StapOm[1_Aantal]","StapOm[1_Aer]","StapOm[1_Afs]","StapOm[1_Cal]","StapOm[2_Aantal]","StapOm[2_Aer]","StapOm[2_Afs]","StapOm[2_Cal]","StapOm[3_Aantal]","StapOm[3_Aer]","StapOm[3_Afs]","StapOm[3_Cal]","StapOm[4_Aantal]","StapOm[4_Aer]","StapOm[4_Afs]","StapOm[4_Cal]","StapOm[5_Aantal]","StapOm[5_Aer]","StapOm[5_Afs]","StapOm[5_Cal]","StapOm[6_Aantal]","StapOm[6_Aer]","StapOm[6_Afs]","StapOm[6_Cal]","StapOm[7_Aantal]","StapOm[7_Aer]","StapOm[7_Afs]","StapOm[7_Cal]","Dragen[1]","Dragen[2]","Dragen[3]","Dragen[4]","Dragen[5]","Dragen[6]","Dragen[7]","Reden[1]","Reden[2]","Reden[3]","Reden[4]","Reden[5]","Reden[6]","Reden[7]","Locatie[1]","Locatie[2]","Locatie[3]","Locatie[4]","Locatie[5]","Locatie[6]","Locatie[7]","DagZwa2","TijdZwa2[Uur]","TijdZwa2[Min]","DagMat2","TijdMat2[Uur]","TijdMat2[Min]","DagWan2","TijdWan2[Uur]","TijdWan2[Min]","IPAQTOT2","TijdZit2[Uur]","TijdZit2[Min]","interviewtime","groupTime186","NummerTime","groupTime187","SysteemTime","groupTime188","StapAppTime","CommentAppTime","StapOmTime","DragenTime","RedenTime","LocatieTime","groupTime189","DagZwa2Time","TijdZwa2Time","DagMat2Time","TijdMat2Time","DagWan2Time","TijdWan2Time","IPAQTOT2Time","TijdZit2Time"
"107","2019-10-16 10:45:44","4","nl","2019-10-16 10:26:59","2019-10-16 10:45:44","87.0000000000","Omron & app","7250","180","5912","145","46","7616","7034","","","","","","","","7215","0","5.4","160","7164","0","5.3","149","7635","1940","5.7","169","10459","4427","7.8","185","5619","1701","4.2","94","10001","2281","7.5","204","7503","0","5.6","153","Ja","Ja","Ja","Ja","Ja","Ja","Ja","","","","","","","","broekrand","broekrand","broekrand","broekrand/jaszak","broekrand","broekrand","broekrand","1.0000000000","1.0000000000","","6.0000000000","","40.0000000000","7.0000000000","","30.0000000000","2133","7.0000000000","","1126.18","83.55","","10.86","","734.2","","","","","","","297.57","","","","","","","",""
"106","2019-10-16 10:08:41","4","nl","2019-10-16 09:58:29","2019-10-16 10:08:41","59.0000000000","Omron & app","9541","11033","19331","4205","3337","2525","12490","","","","","","","","6137","0","4.2","124","14538","0","10.2","288","6116","0","4.2","152","3709","0","2.5","27","3479","0","2.4","48","2463","0","1.7","40","12318","7108","8.6","365","Ja","Ja","Ja","Weet niet","Ja","Ja","Ja","","","","","","","","riem/broekrand","riem/broekrand","riem/broekrand","riem/broekrand","riem/broekrand","riem/broekrand","riem/broekrand","2.0000000000","0.0000000000","50.0000000000","1.0000000000","1.0000000000","","3.0000000000","1.0000000000","","1634","9.0000000000","","613.23","24.73","","7.19","","273.55","","","","","","","307.76","","","","","","","",""
"108","2019-10-16 10:50:01","4","nl","2019-10-16 10:34:56","2019-10-16 10:50:01","102.0000000000","Omron & app","8875","5988","12064","7258","6432","10229","9060","Niet mee bij training","Niet mee bij training","","","","Niet mee bij training","Niet mee bij training","11663","0","9.3","342","10089","1047","8.0","241","10532","2106","8.4","264","6381","0","5.1","117","5840","0","4.6","100","10035","0","8.0","234","11972","0","9.5","310","Ja","Ja","Ja","Ja","Ja","Ja","Ja","","","","","","","","riem/broekrand","riem/broekrand","riem/broekrand","riem/broekrand","riem/broekrand","riem/broekrand","riem/broekrand","4.0000000000","2.0000000000","0.0000000000","7.0000000000","0.0000000000","30.0000000000","7.0000000000","0.0000000000","30.0000000000","5373","9.0000000000","0.0000000000","905.79","8.15","","4.84","","223.82","","","","","","","668.98","","","","","","","",""
"109","2019-10-16 10:55:31","4","nl","2019-10-16 10:38:11","2019-10-16 10:55:31","96.0000000000","Omron & app","16972","17711","9520","7917","9657","13929","24539","","","","","","","","15240","8106","11.5","713","18987","11571","13.3","694","10376","4409","7.8","289","8727","2352","6.6","98","6281","1176","4.7","69","11305","5210","8.5","464","22674","11706","16.4","741","Ja","Ja","Ja","Ja","Ja","Ja","Ja","","","","","","","","broekrand","broekrand","broekrand","broekrand","broekrand","broekrand","broekrand","5.0000000000","2.0000000000","","3.0000000000","","45.0000000000","4.0000000000","","30.0000000000","5736","10.0000000000","","1040.77","5.98","","10.6","","722.88","","","","","","","301.31","","","","","","","",""
"110","2019-10-16 10:59:04","4","nl","2019-10-16 10:47:04","2019-10-16 10:59:04","72.0000000000","Omron & app","12124","10868","12855","8526","5090","9160","13725","","","","","","","","12034","1574","9.8","367","6150","0","5.1","125","5989","2095","4.9","161","0","0","0.0","0","0","0","0.0","0","5413","1302","4.4","146","13812","0","11.4","397","Ja","Ja","Weet niet","Nee","Nee","Weet niet","Ja","","","In Delft laten liggen, toen ik op bezoek was in Haarlem.","In Delft laten liggen, toen ik op bezoek was in Haarlem.","In Delft laten liggen, toen ik op bezoek was in Haarlem.","","","Broekzak","Broekzak","Broekzak","","","Broekzak","Broekzak","4.0000000000","1.0000000000","20.0000000000","6.0000000000","1.0000000000","","7.0000000000","2.0000000000","","6772","6.0000000000","","720.8","29.35","","7.9","","584.16","","","","","","","99.39","","","","","","","",""
"111","2019-10-16 11:11:52","4","nl","2019-10-16 11:05:34","2019-10-16 11:11:52","85.0000000000","Omron & app","10822","6616","4445","2149","2555","5263","12817","","","","","","","","10150","1921","6","343","6388","0","3.8","218","3833","0","2.2","150","1270","0","0.7","30","2153","0","1.2","18","5031","1833","3.0","177","16413","4745","9.8","645","Ja","Ja","Ja","Ja","Ja","Ja","Ja","","","","","","","","Riem","Riem","Riem","Riem","Riem","Riem","Riem","3.0000000000","","","5.0000000000","","","5.0000000000","","","0","4.0000000000","","378.48","6.39","","6.06","","231.74","","","","","","","134.29","","","","","","","",""
"112","2019-10-16 11:36:31","4","nl","2019-10-16 11:30:27","2019-10-16 11:36:31","137.0000000000","Omron","","","","","","","","","","","","","","","16332","0","12.4","296","12083","0","9.1","233","9899","2235","7.5","177","3506","0","2.6","54","9853","0","7.4","203","4314","0","3.2","48","13014","0","9.8","222","Ja","Ja","Ja","Ja","Ja","Ja","Ja","","","","","","","","broekzak en sok","broekzak ","broekzak ","broekzak ","broekzak en sok","broekzak ","broekzak ","2.0000000000","1.0000000000","","6.0000000000","0.0000000000","30.0000000000","2.0000000000","","10.0000000000","1746","8.0000000000","","366.29","6.78","","11.23","","218.37","","","","","","","129.91","","","","","","","",""
"113","2019-10-16 11:40:16","4","nl","2019-10-16 11:31:04","2019-10-16 11:40:16","187.0000000000","Omron & app","7797","9307","10249","4484","6702","9510","5390","","","","","","","","7496","0","5.9","167","19900","0","15.7","408","1624","0","1.2","15","4960","0","3.9","71","5533","1179","4.3","120","9197","4551","7.2","194","4416","0","3.4","86","Ja","Ja","Nee","Ja","Ja","Ja","Ja","","","'s ochtends vergeten, rond 14:00 omgedaan ","","","","","broekrand","broekzak","broekzak","broekzak","broekrand","broekrand","broekzak","1.0000000000","3.0000000000","","6.0000000000","1.0000000000","","4.0000000000","30.0000000000","","26640","10.0000000000","","553.25","7.64","","6.79","","283.43","","","","","","","255.39","","","","","","","",""
"114","2019-10-16 11:46:28","4","nl","2019-10-16 11:40:54","2019-10-16 11:46:28","1.0000000000","Omron & app","4605","1323","2597","2195","2623","512","2251","","","","","","","","9905","1915","7.2","141","4295","0","3.2","75","5266","0","3.8","82","5373","0","3.9","74","3041","0","2.2","44","2545","0","1.8","46","7395","913","5.3","102","Ja","Ja","Ja","Ja","Ja","Ja","Ja","","","","","","","","Riem","Riem","Riem","Riem","Riem (uitgehad tijdens zwemmen)","Riem","Broekzak","2.0000000000","2.0000000000","0.0000000000","7.0000000000","1.0000000000","0.0000000000","2.0000000000","0.0000000000","15.0000000000","NAN","7.0000000000","30.0000000000","335.6","4.97","","5.12","","241.64","","","","","","","83.87","","","","","","","",""
"115","2019-10-16 11:52:38","4","nl","2019-10-16 11:43:20","2019-10-16 11:52:38","82.0000000000","Omron & app","8157","4090","5472","273","8357","5312","4737","","","","telefoon niet heel de dag bij mij gehad","","","","7959","0","6.7","196","4286","0","3.6","106","12838","6930","10.9","402","1171","0","0.9","11","7625","2988","6.4","154","4783","0","4.0","122","4846","0","4.1","113","Ja","Ja","Ja","Weet niet","Ja","Ja","Ja","","","","","","","","broekrand","broekrand","broekrand","broekrand","broekrand","broekrand","broekrand ","1.0000000000","1.0000000000","0.0000000000","6.0000000000","1.0000000000","","6.0000000000","","30.0000000000","2514","12.0000000000","","558.14","8.91","","7.32","","374.79","","","","","","","167.12","","","","","","","",""
"116","2019-10-16 12:02:56","4","nl","2019-10-16 11:49:06","2019-10-16 12:02:56","132.0000000000","Omron & app","5521","7915","18190","14250","18641","11771","5191","","","","","","","","4947","0","3.8","98","5978","0","4.2","106","15640","2237","11.8","305","10779","1225","8.1","190","16433","1338","12.4","333","9439","3777","7.1","232","4422","0","3.3","90","Ja","Ja","Ja","Ja","Ja","Ja","Ja","","","","","","","","riem","riem","riem","riem","riem","riem","riem","0.0000000000","","","3.0000000000","","30.0000000000","5.0000000000","4.0000000000","0.0000000000","NAN","6.0000000000","","736.47","3.44","","7.31","","590.76","","","","","","","134.96","","","","","","","",""
"117","2019-10-16 12:12:15","4","nl","2019-10-16 11:52:09","2019-10-16 12:12:15","11.0000000000","Omron & app","18769","16589","7969","13499","6739","4564","10398","","","","","","","","18769","2857","10.2","283","16589","1274","12.4","248","7969","2357","3.8","120","13499","231","8.2","202","6739","1238","3.4","101","4564","1333","1.5","68","10398","2234","6.3","155","Ja","Ja","Weet niet","Ja","Weet niet","Nee","Nee","","","","","","Vergeten","Vergeten","Riem","Riem","RIem","Riem","Riem","","","3.0000000000","1.0000000000","30.0000000000","7.0000000000","2.0000000000","","7.0000000000","1.0000000000","","6906","3.0000000000","","1207.19","4.23","","9.52","","1146.08","","","","","","","47.36","","","","","","","",""
"118","2019-10-16 12:48:59","4","nl","2019-10-16 11:57:55","2019-10-16 12:48:59","44.0000000000","Omron & app","6358","5279","3479","7720","3779","4415","12101","","","","","","","","4650","876","3.0","88","3658","0","2.4","55","2883","0","1.9","78","1476","0","0.9","8","0","0","0","0","0","0","0","0","5017","3685","3.3","143","Ja","Ja","Ja","Nee","Nee","Nee","Nee","","","","halverwege kwijtgeraakt","nog steeds kwijt","nog steeds kwijt","om 17u opgehaald","broekrand","broekrand","broekrand","broekrand","","","broekrand","4.0000000000","1.0000000000","30.0000000000","7.0000000000","","30.0000000000","5.0000000000","","20.0000000000","4050","8.0000000000","","3065.23","9.77","","6.84","","2984.43","","","","","","","64.19","","","","","","","",""
"119","2019-10-16 12:14:48","4","nl","2019-10-16 12:06:40","2019-10-16 12:14:48","4.0000000000","Omron & app","5559","5967","8740","2243","963","6895","10388","","","","","","","","10285","2374","8.2","377","4431","0","3.5","110","10584","2325","84","451","2608","0","2.0","96","2041","0","1.6","196","6717","0","5.3","197","11853","2363","9.6","499","Ja","Ja","Ja","Ja","Ja","Ja","Ja","","","","","","","","Broekrand","Broekrand","Broekrand","Broekrand","Broekrand","Broekrand","Broekrand","3.0000000000","1.0000000000","15.0000000000","5.0000000000","1.0000000000","","0.0000000000","","","NAN","","","488.4","6.66","","5.84","","287.6","","","","","","","188.3","","","","","","","",""
"120","","2","nl","2019-10-16 12:14:00","2019-10-16 12:14:56","101.0000000000","Omron & app","10624","6451","","","","","","","","","","","","","","","","","","","","","","","","","","","","","","","","","","","","","","","","","","","","","","","","","","","","","","","","","","","","","","","","","","","","","","","","","","57.13","6.61","","13.72","","36.8","","","","","","","","","","","","","","",""
"121","2019-10-16 12:48:46","4","nl","2019-10-16 12:31:27","2019-10-16 12:48:46","21.0000000000","Omron & app","0","5556","9633","8248","4415","4108","6047","","","","","","","","4915","0","3.6","120","10179","1154","7.6","188","6154","0","4.6","97","5264","1049","3.9","152","28","0","0","0","2577","0","1.9","53","6047","2101","4.5","164","Ja","Ja","Ja","Ja","Nee","Ja","Ja","","","","","Vergeten","","","broekrand","broekrand","broekrand","broekrand","","broekrand","broekrand","1.0000000000","2.0000000000","","5.0000000000","0.0000000000","30.0000000000","2.0000000000","15.0000000000","","7500","6.0000000000","","1039.83","10.45","","6.02","","304.38","","","","","","","718.98","","","","","","","",""
"122","2019-10-16 13:07:17","4","nl","2019-10-16 12:43:22","2019-10-16 13:07:17","19.0000000000","Omron & app","11609","5722","8661","2186","1350","8233","7910","","","","","","","","10466","2248","7800","217","3249","0","2400","49","1002","0","700","20","1437","0","1000","16","1015","0","700","18","4691","0","3500","97","5253","0","3900","100","Ja","Ja","Nee","Ja","Nee","Ja","Ja","","","","","","","","Borstzakje","Broekzak","Broekzak","Broekzak","Broekzak","Broekzak","Broekzak","1.0000000000","1.0000000000","","5.0000000000","0.0000000000","40.0000000000","5.0000000000","0.0000000000","20.0000000000","1610","6.0000000000","","1435.85","5.93","","6.49","","1273.84","","","","","","","149.59","","","","","","","",""
"123","2019-10-16 13:02:21","4","nl","2019-10-16 12:43:47","2019-10-16 13:02:21","49.0000000000","Omron & app","2441","3704","7095","3327","6878","3642","7614","","","","","","","","3645","0","2.6","67","4909","0","3.5","113","5214","1086","3.7","94","6207","0","4.4","68","7288","4001","5.2","135","9579","0","6.8","106","8536","1788","6.1","170","Ja","Ja","Nee","Ja","Ja","Ja","Ja","","","Ik heb mijn stappenteller overdag bij mijn tante laten liggen.","","","","","broekrand","broekrand","broekrand","broekrand","broekrand","broekrand","broekrand","2.0000000000","1.0000000000","","7.0000000000","1.0000000000","","3.0000000000","","30.0000000000","2937","10.0000000000","","1114.69","5.61","","4.63","","558.78","","","","","","","545.67","","","","","","","",""
"124","2019-10-16 12:59:05","4","nl","2019-10-16 12:46:24","2019-10-16 12:59:05","64.0000000000","Omron & app","8654","15284","8311","6430","4562","4487","4386","niet bij tijdens hokceytraining","","niet bij tijdens hokceytraining","","niet bij tijdens hokceywedstrijd","","","12257","2489","8.7","330","13984","0","9.9","290","12975","3918","9.2","325","5560","0","3.9","84","11835","5712","8.4","341","3957","4487","2.8","77","4346","1201","3.0","92","Ja","Ja","Ja","Ja","Ja","Ja","Ja","","","","","","","","broekzak","broekzak","broekzak","broekzak","broekzak","broekzak","broekzak","3.0000000000","1.0000000000","30.0000000000","4.0000000000","0.0000000000","20.0000000000","0.0000000000","","","NAN","7.0000000000","","762.27","6.82","","7.26","","407.09","","","","","","","341.1","","","","","","","",""
"125","2019-10-16 12:58:40","4","nl","2019-10-16 12:46:32","2019-10-16 12:58:40","61.0000000000","Omron & app","8760","6695","4041","5151","4735","8998","7294","-","-","-","-","-","-","-","2920","0","2.2","41","3518","0","2.7","50","3659","1698","2.8","111","0","0","0","0","3368","0","2.5","52","5935","0","4.5","151","4523","1048","3.4","98","Nee","Nee","Ja","Nee","Ja","Ja","Ja","s'ochtends thuis vergeten","s'avonds activiteit waarbij hij niet kon worden gedragen","","kwijt","","","","broekzak","broekzak","broekzak","","broekzak","broekzak","broekzak","2.0000000000","0.0000000000","15.0000000000","7.0000000000","1.0000000000","0.0000000000","7.0000000000","0.0000000000","20.0000000000","2382","5.0000000000","0.0000000000","729.15","8.41","","7.82","","481.46","","","","","","","231.46","","","","","","","",""
"126","2019-10-16 12:56:58","4","nl","2019-10-16 12:47:43","2019-10-16 12:56:58","52.0000000000","Omron & app","8893","7802","6069","16008","6977","4523","6826","","","","","Telefoon niet 10 uur bij me gehad","","","7865","2022","5.0","128","8060","0","5.1","169","5964","0","3.8","94","10024","0","6.4","78","14717","1574","9.4","374","4115","0","2.6","67","6105","0","3.9","107","Ja","Ja","Ja","Ja","Ja","Ja","Ja","","","","","","","","broekzak","jaszak","jaszak","broekzak","broekzak","jaszak","broekzak","1.0000000000","1.0000000000","30.0000000000","7.0000000000","6.0000000000","20.0000000000","7.0000000000","","45.0000000000","12399.5","8.0000000000","","555.75","17.98","","7.11","","350.34","","","","","","","180.32","","","","","","","",""
"127","2019-10-16 13:03:43","4","nl","2019-10-16 12:52:54","2019-10-16 13:03:43","41.0000000000","Omron & app","12398","6037","2093","1833","10770","8624","8290","","","","","","","","33","0","0","0","8139","0","6.1","141","6419","1338","4.8","171","138","0","0.1","0","8995","2814","6.7","167","7702","2773","5.7","162","0","0","0","0","Nee","Ja","Ja","Nee","Ja","Ja","Nee","in tas laten zitten","","","ziek in bed","","","thuis laten liggen","","broekzak","broekzak","","broekzak","broekzak","","0.0000000000","","","3.0000000000","1.0000000000","","5.0000000000","0.0000000000","30.0000000000","NAN","6.0000000000","","520.86","6.27","","7.47","","299.79","","","","","","","207.33","","","","","","","",""
"128","2019-10-16 13:09:03","4","nl","2019-10-16 12:54:21","2019-10-16 13:09:03","63.0000000000","Omron & app","4563","7636","8338","5547","500","2755","5577","","","","","","","","4199","0","4.2","124","11562","0","8.6","237","6735","0","5.0","158","6902","0","5.1","96","383","0","0.2","12","3501","0","2.6","75","7164","0","5.3","132","Ja","Ja","Ja","Ja","Nee","Nee","Ja","","","","","vergeten te dragen","ochtend vergeten, avond wel gedragen","","broekrand","broekrand ochtend/sok avond","broekrand","sok ochtend/broekrand avond","","broekrand","ochtend broekrand/ avond sok","3.0000000000","2.0000000000","","5.0000000000","1.0000000000","30.0000000000","4.0000000000","","20.0000000000","4944","9.0000000000","30.0000000000","883.01","35.19","","9.45","","634.99","","","","","","","203.38","","","","","","","",""
"129","2019-10-16 13:12:18","4","nl","2019-10-16 12:59:53","2019-10-16 13:12:18","57.0000000000","Omron & app","5656","7302","4856","3410","1947","6321","5078","","","","","","","","7515","0","5.1","187000","5997","0","4","131000","3901","0","2.6","70000","1449","0","0.9","15000","1153","0","0.7","26000","6447","0","4.3","155000","6103","0","4.1","150000","Ja","Ja","Ja","Ja","Ja","Ja","Ja","","","","","","","","riem/broekrand","riem/broekrand","riem/broekrand","riem/broekrand","riem/broekrand","riem/broekrand","riem/broekrand","0.0000000000","","","1.0000000000","1.0000000000","30.0000000000","3.0000000000","0.0000000000","15.0000000000","NAN","8.0000000000","0.0000000000","745.84","157.76","","7.78","","366.03","","","","","","","214.27","","","","","","","",""
"130","","2","nl","2019-10-16 13:00:54","2019-10-16 13:01:37","58.0000000000","Omron & app","","","","","","","","","","","","","","","","","","","","","","","","","","","","","","","","","","","","","","","","","","","","","","","","","","","","","","","","","","","","","","","","","","","","","","","","","","","","41.78","31.9","","9.88","","","","","","","","","","","","","","","","",""
"131","2019-10-16 13:37:51","4","nl","2019-10-16 13:05:41","2019-10-16 13:37:51","177.0000000000","Omron & app","6053","5505","3669","15015","1417","4335","9108","","Telefoon niet aanwezig tijdens training","","Telefoon niet aanwezig tijdens wedstrijd","","Telefoon niet aanwezig tijdens training","Telefoon niet aanwezig tijdens wedstrijd","5884","0","4.7","170","11863","1164","9.6","324","3771","0","3.0","80","18166","1088","14.7","335","1767","0","1.4","4","8794","0","7.1","194","12994","4686","10.5","379","Ja","Ja","Ja","Ja","Ja","Ja","Ja","","","","","","","","Broekrand","Broekrand, tijdens training in sok","Broekrand","Broekrand, tijdens wedstrijd in sok","Broekrand","Broekrand, tijdens training in sok","Broekrand, tijdens wedstrijd in sok","4.0000000000","8.0000000000","45.0000000000","2.0000000000","1.0000000000","0.0000000000","3.0000000000","0.0000000000","50.0000000000","17775","24.0000000000","0.0000000000","1931.84","8.34","","28.15","","306.55","","","","","","","1588.8","","","","","","","",""
"132","2019-10-16 13:36:55","4","nl","2019-10-16 13:23:32","2019-10-16 13:36:55","171.0000000000","Omron & app","6856","9254","6505","7699","1406","5173","7377","","","","","","","","8238","0","6.1","145","11563","0","8.6","277","5441","0","4.0","68","4342","0","3.2","41","1410","0","1.0","1","5325","0","3.9","74","9568","2628","7.1","236","Ja","Ja","Ja","Ja","Ja","Ja","Ja","","","","","","","","Broekzak","Broekzak","Broekzak","Broekzak en bij enkel","Broekzak","Broekzak","Broekzak en aan hardloopschoen","4.0000000000","1.0000000000","30.0000000000","5.0000000000","2.0000000000","","6.0000000000","1.0000000000","40.0000000000","7260","9.0000000000","30.0000000000","804.42","132.38","","6.49","","346.43","","","","","","","319.12","","","","","","","",""
"133","2019-10-16 13:52:53","4","nl","2019-10-16 13:47:27","2019-10-16 13:52:53","161.0000000000","Omron & app","1620","4451","2580","2380","348","5446","6732","Pas aangezet rond 13:00","","","","","","","2607","0","2.0","62","4198","0","3.2","103","2799","0","2.1","57","2010","0","1.5","54","618","0","0.4","0","4782","0","3.7","137","5908","0","4.8","169","Nee","Ja","Ja","Ja","Ja","Ja","Ja","'s ochtends vergeten om te doen. Rond 13:00 omgedaan (wel bijna 10 uur dus)","","","","","","","broekrand","broekrand","in zak lang vest","broekrand","broekrand","broekrand","broekrand","0.0000000000","","","1.0000000000","0.0000000000","30.0000000000","2.0000000000","0.0000000000","20.0000000000","NAN","13.0000000000","0.0000000000","326.3","6.09","","4.65","","199.63","","","","","","","115.93","","","","","","","",""
"134","2019-10-16 13:55:58","4","nl","2019-10-16 13:49:28","2019-10-16 13:55:58","174.0000000000","Omron","","","","","","","","","","","","","","","5733","0","4.9","70","4824","0","4.1","44","3017","0","2.6","19","8297","2175","7.2","124","615","0","0.5","11","5458","0","4.7","40","3560","0","3.0","44","Ja","Ja","Ja","Ja","Nee","Ja","Ja","","","","","Omron vergeten mee te nemen toen ik zo'n 7,0 km ging wandelen","","","broekzak","broekzak","broekzak","broekzak","broekzak","broekzak","broekzak","1.0000000000","1.0000000000","30.0000000000","5.0000000000","1.0000000000","20.0000000000","7.0000000000","1.0000000000","30.0000000000","4399","9.0000000000","","392.31","6.09","","12.93","","257.95","","","","","","","115.34","","","","","","","",""
"135","2019-10-16 14:06:57","4","nl","2019-10-16 13:57:52","2019-10-16 14:06:57","165.0000000000","Omron & app","10088","8826","2928","12748","3912","6195","9484","","","","","","","","8046","1088","6.2","233","9414","2087","7.3","251","14032","0","10.9","400","10776","0","8.4","297","4707","1036","3.6","95","6995","1280","5.4","160","11082","2248","8.6","320","Ja","Ja","Ja","Ja","Ja","Ja","Ja","","","","","","","","broekzak","broekzak","broekzak","broekzak","broekzak","broekzak","broekzak","0.0000000000","","","5.0000000000","1.0000000000","0.0000000000","5.0000000000","0.0000000000","30.0000000000","NAN","6.0000000000","","545.34","49.73","","7.3","","389.3","","","","","","","99.01","","","","","","","",""
"136","2019-10-16 14:28:52","4","nl","2019-10-16 14:13:24","2019-10-16 14:28:52","188.0000000000","Omron & app","10467","10368","12195","3080","3797","9395","10076","","","","","Telefoon niet tijdens hockeytraining gedragen","","","7266","0","5.0","164","14292","2112","10.0","339","9149","0","6.4","152","4807","0","3.3","100","10988","6016","7.6","214","7853","0","5.4","124","4968","0","3.4","130","Ja","Ja","Ja","Ja","Ja","Ja","Nee","","","","","","","s'avonds Omron vergeten te dragen","broekrand","broekrand","broekrand en sok","broekrand","broekrand en sok ","broekrand","broekrand","2.0000000000","1.0000000000","30.0000000000","7.0000000000","","15.0000000000","2.0000000000","","30.0000000000","2058","6.0000000000","","928.88","6.67","","5.14","","752.04","","","","","","","165.03","","","","","","","",""
"137","","","nl","2019-10-16 16:02:59","2019-10-16 16:02:59","","","","","","","","","","","","","","","","","","","","","","","","","","","","","","","","","","","","","","","","","","","","","","","","","","","","","","","","","","","","","","","","","","","","","","","","","","","","","","0","","","","","","","","","","","","","","","","","","","",""
"138","2019-10-16 16:24:33","4","nl","2019-10-16 16:13:05","2019-10-16 16:24:33","13.0000000000","Omron","","","","","","","","","","","","","","","11973","0","9.6","222","9937","1016","8.0","146","14253","858","11.5","350","2907","0","2.3","49","4456","0","3.6","92","7818","0","6.3","134","3440","0","2.7","68","Ja","Ja","Ja","Weet niet","Weet niet","Weet niet","Weet niet","","","","","","","","broekzak","broekzak","broekzak","broekzak","broekzak","broekzak","broekzak","4.0000000000","","","7.0000000000","","","7.0000000000","","","0","7.0000000000","","688.46","81.05","","3.48","","483.81","","","","","","","120.12","","","","","","","",""
"139","2019-10-16 16:20:57","4","nl","2019-10-16 16:14:45","2019-10-16 16:20:57","172.0000000000","Omron & app","5323","6164","6830","740","3246","8363","4594","","","","","","","","5957","0","4.7","130","6613","2501","5.2","137","6686","2181","5.3","139","884","0","0.7","1","3898","0","3.1","57","8529","5723","6.8","199","5016","0","4.0","95","Ja","Ja","Ja","Ja","Ja","Ja","Ja","","","","","","","","Broekrand","Broekrand","Broekrand","Broekrand","Broekrand","Broekrand","Broekrand","0.0000000000","","","2.0000000000","0.0000000000","40.0000000000","3.0000000000","1.0000000000","0.0000000000","NAN","11.0000000000","0.0000000000","373.36","7.62","","7.72","","235.62","","","","","","","122.4","","","","","","","",""
"140","2019-10-16 16:49:11","4","nl","2019-10-16 16:40:35","2019-10-16 16:49:10","81.0000000000","Omron & app","12581","11299","7605","1683","5054","8432","11672","","","","","","","","13176","0","11","0","11789","0","0","0","7345","0","5","98","1359","0","0","0","5233","0","5","108","5867","0","0","0","15036","0","13","437","Ja","Ja","Nee","Nee","Nee","Nee","Ja","","","tijdens de tu lag hij nog thuis","vergeten","lang uitgeslapen","in de avond vergeten om te doen","","broekrand","broekrand","broekrand","broekrand","broekrand","broekrand","broekrand","2.0000000000","","45.0000000000","7.0000000000","1.0000000000","","0.0000000000","","","NAN","6.0000000000","","517.04","9.76","","7","","381.28","","","","","","","119","","","","","","","",""
"141","2019-10-16 16:52:03","4","nl","2019-10-16 16:44:53","2019-10-16 16:52:03","167.0000000000","Omron & app","8441","7945","21506","13257","5345","5537","12048","nee","ja, 2000 meer","ja want tel langer bij gehouden","ja, 6000 meer","nee","nee","ja, 2 keer zoveel","8020","0","5.9","174","6033","2259","4.4","109","5051","0","3.7","92","7402","4528","5.4","171","5019","2306","3.7","107","6365","0","4.0","109","6570","0","8.9","197","Ja","Ja","Nee","Ja","Ja","Ja","Weet niet","","","ik was op een feestje met een jurkje en ik kon hem nergens kwijt","","","","feestje","broekrand","broekrand","broekrand","broekrand","broekrand","broekrand","broekrand","0.0000000000","","","3.0000000000","4.0000000000","0.0000000000","3.0000000000","0.0000000000","30.0000000000","NAN","6.0000000000","0.0000000000","431.81","6.76","","6.86","","338.25","","","","","","","79.94","","","","","","","",""
"142","2019-10-16 16:54:08","4","nl","2019-10-16 16:49:01","2019-10-16 16:54:08","69.0000000000","Omron & app","13418","6293","5805","4345","2761","2176","10244","","","","","","","","14077","1321","9.0","279","5818","1805","3.7","111","8140","2973","5.2","192","4064","2492","2.6","64","4099","2041","2.6","72","5019","0","3.2","60","10297","2760","6.5","230","Ja","Ja","Ja","Ja","Nee","Ja","Ja","","","","","niet meegenomen naar werk","","","broekzak","broekzak","broekzak","broekzak","broekzak","broekzak","broekzak","4.0000000000","2.0000000000","","7.0000000000","","30.0000000000","4.0000000000","","30.0000000000","5076","6.0000000000","","307.64","11.68","","6.91","","226.84","","","","","","","62.21","","","","","","","",""
"143","2019-10-16 17:01:17","4","nl","2019-10-16 16:51:39","2019-10-16 17:01:17","91.0000000000","Omron & app","4045","4197","11428","7260","4195","6423","5134","","","","","","","","4329","0","3.2","94","4277","0","3.2","110","11185","5276","8.5","307","7320","4442","5.5","189","4142","0","3.1","35","5818","0","4.4","129","5133","0","3.9","115","Ja","Ja","Ja","Ja","Ja","Ja","Ja","","","","","","","","riem/broekrand","riem/broekrand","broekzak","broekzak","broekzak","broekzak","broekzak","1.0000000000","","","2.0000000000","","","4.0000000000","","","0","","","579.08","10.65","","7.85","","356.81","","","","","","","203.77","","","","","","","",""
"144","2019-10-16 17:03:03","4","nl","2019-10-16 16:52:26","2019-10-16 17:03:03","131.0000000000","Omron & app","11313","5229","10715","15596","2411","895","5962","","","","","","","","11133","1166","8.3","259","4877","0","3.5","79","6055","0","4.5","127","14708","0","11.0","270","0","0","0","0","0","0","0","0","5092","0","3.8","112","Ja","Ja","Ja","Ja","Nee","Nee","Ja","","","","","Zaterdagnacht pols gebroken dus alleen op bed en de bank gelegen.","Zaterdagnacht pols gebroken dus alleen op bed en de bank gelegen.","","Riem","Riem","Riem","Broekzak","","","Broekzak","1.0000000000","2.0000000000","","1.0000000000","4.0000000000","30.0000000000","7.0000000000","1.0000000000","","3426","7.0000000000","","638.44","21.45","","6.24","","395.13","","","","","","","215.62","","","","","","","",""
"145","2019-10-16 17:14:19","4","nl","2019-10-16 16:58:36","2019-10-16 17:14:19","51.0000000000","Omron & app","5332","12159","19994","2170","3412","13182","15453","","","","","","","","6113","0","4.0","184","13245","00","8.4","398","22098","789","15.8","865","1235","0","1.8","38","4736","1003","3.1","210","14009","0","8.8","420","0","0","0","0","Ja","Ja","Ja","Ja","Ja","Ja","Nee","","","","","","","Omron kwijtgeraakt","broekrand","broekrand","broekrand","broekrand","broekrand","broekrand","-","4.0000000000","1.0000000000","30.0000000000","6.0000000000","1.0000000000","30.0000000000","7.0000000000","0.0000000000","30.0000000000","5733","6.0000000000","30.0000000000","944.13","6.31","","6.05","","846.35","","","","","","","85.42","","","","","","","",""
"146","2019-10-16 17:36:53","4","nl","2019-10-16 17:06:25","2019-10-16 17:36:52","71.0000000000","Omron & app","8428","6441","5211","4205","5753","4794","7192","","","","","","","","8358","1655","6.1","130","6610","0","4.8","80","7847","0","5.7","62","11650","3136","8.5","130","8211","3023","5.9","92","4459","0","3.2","51","7400","2523","5.4","114","Ja","Ja","Ja","Ja","Ja","Ja","Ja","","","","","","","","broekzak","broekzak","broekzak","broekrand","broekrand","broekzak","broekzak","0.0000000000","","","7.0000000000","","15.0000000000","7.0000000000","1.0000000000","","NAN","7.0000000000","","1829.39","7.85","","6.42","","227.12","","","","","","","1588","","","","","","","",""
"147","","2","nl","2019-10-16 17:12:29","2019-10-16 17:12:42","130.0000000000","Omron & app","","","","","","","","","","","","","","","","","","","","","","","","","","","","","","","","","","","","","","","","","","","","","","","","","","","","","","","","","","","","","","","","","","","","","","","","","","","","13.23","5.62","","7.61","","","","","","","","","","","","","","","","",""
"148","2019-10-16 17:23:33","4","nl","2019-10-16 17:13:55","2019-10-16 17:23:33","164.0000000000","Omron & app","8237","4620","3796","3702","1177","5202","11413","Telefoon niet mee in de sportschool","Telefoon niet mee in de sportschool","","Telefoon niet mee tijdens werken (horeca)","","","Telefoon niet mee tijdens werken","8242","3944","6.5","211","5733","1474","4.5","126","3494","0","2.7","46","7133","0","5.7","40","1401","0","1.1","6","4155","0","3.3","76","12021","0","9.6","198","Ja","Ja","Ja","Ja","Ja","Ja","Ja","","","","","","","","Enkel(sporten) en broekzak","Broekzak","Broekzak","Broekzak","Broekzak","Broekzak","Broekzak","2.0000000000","1.0000000000","30.0000000000","4.0000000000","0.0000000000","30.0000000000","7.0000000000","0.0000000000","20.0000000000","2382","11.0000000000","","579.92","16.59","","15.25","","357.24","","","","","","","190.84","","","","","","","",""
"149","2019-10-16 17:36:33","4","nl","2019-10-16 17:32:23","2019-10-16 17:36:33","58.0000000000","Omron & app","9080","9880","17165","784","2522","6652","6763","tennis zonder app","","tennis zonder app","app niet de hele tijd mee","","","","6746","0","6.0","98000","6253","0","5.6","132000","10580","0","9.5","132000","1042","0","0.9","1000","2125","0","1.9","39","3643","0","3.2","60","6348","0","5.7","107","Ja","Ja","Ja","Ja","Ja","Ja","Ja","","","","","","","","broekzak","broekzak","broekzak","broekzak","broekzak","broekzak","broekzak","0.0000000000","","","4.0000000000","1.0000000000","0.0000000000","5.0000000000","0.0000000000","30.0000000000","NAN","8.0000000000","0.0000000000","250.63","6.97","","2.9","","163.33","","","","","","","77.43","","","","","","","",""
"150","2019-10-16 17:52:01","4","nl","2019-10-16 17:44:02","2019-10-16 17:52:01","156.0000000000","Omron & app","4750","9577","9006","1075","5861","5576","9241","","","","","","","","4911","0","4.4","120","6657","0","5.9","125","4590","0","4.1","89","5886","4234","5.2","220","5693","0","5.1","66","6343","0","5.7","98","9384","1198","8.4","210","Ja","Ja","Ja","Ja","Ja","Ja","Ja","","","","","","","","broekzak","broekzak","broekzak","broekzak","broekzak","broekzak","broekzak","1.0000000000","0.0000000000","30.0000000000","5.0000000000","1.0000000000","0.0000000000","5.0000000000","0.0000000000","15.0000000000","1687.5","13.0000000000","0.0000000000","480.87","10.67","","8.41","","281.26","","","","","","","180.53","","","","","","","",""
"151","2019-10-16 18:00:53","4","nl","2019-10-16 17:52:35","2019-10-16 18:00:53","89.0000000000","Omron & app","10836","12056","4315","2439","5498","11991","6702","","","","","","","","9974","0","6.6","199","10973","4546","7.3","254","3915","0","2.6","85","2789","0","1.8","16","4135","0","2.7","73","10870","2196","7.2","254","6291","0","4.2","150","Ja","Ja","Ja","Ja","Ja","Ja","Ja","","","","","","","","broekzak","broekzak/sok","broekzak","broekzak","broekzak","broekzak/sok","broekzak","2.0000000000","2.0000000000","","7.0000000000","0.0000000000","30.0000000000","7.0000000000","1.0000000000","30.0000000000","4839","7.0000000000","","499.01","65.25","","7.79","","318.27","","","","","","","107.7","","","","","","","",""
"152","","2","nl","2019-10-16 18:03:49","2019-10-16 18:04:00","175.0000000000","Omron & app","","","","","","","","","","","","","","","","","","","","","","","","","","","","","","","","","","","","","","","","","","","","","","","","","","","","","","","","","","","","","","","","","","","","","","","","","","","","11.96","6.1","","5.86","","","","","","","","","","","","","","","","",""
"153","2019-10-16 18:10:07","4","nl","2019-10-16 18:04:36","2019-10-16 18:10:07","189.0000000000","Omron & app","8660","9157","13934","3947","10630","3780","9463","","","","","","","","9700","1075","7.4","242","13273","0","10.2","247","7942","1126","6.1","159","2161","0","1.6","25","10073","0","7.7","175","2929","0","2.2","44","9557","1190","7.3","219","Ja","Ja","Ja","Ja","Ja","Ja","Ja","","","","","","","","broekzak","broekzak","broekzak","broekzak","broekzak","broekzak","broekzak","6.0000000000","0.0000000000","30.0000000000","6.0000000000","0.0000000000","15.0000000000","5.0000000000","0.0000000000","30.0000000000","2295","5.0000000000","","332.72","5.84","","7.96","","229.1","","","","","","","89.82","","","","","","","",""
"154","2019-10-16 18:42:17","4","nl","2019-10-16 18:36:39","2019-10-16 18:42:17","155.0000000000","Omron & app","3999","4505","4130","460","425","2614","6810","Dit geldt eigenlijk voor alle dagen: in huis heb ik mijn telefoon niet continu bij me, en tijdens trainingen natuurlijk ook niet","","","","","","","4160","0","3.1","67","5108","0","3.8","104","4996","1248","2.7","101","2228","0","1.6","1","971","0","0.7","5","7520","2513","5.6","163","9934","1136","7.4","206","Ja","Ja","Ja","Ja","Ja","Ja","Ja","","","","","","","","broekrand","broekrand","broekrand","broekrand","broekrand","broekrand","broekrand","1.0000000000","1.0000000000","","5.0000000000","0.0000000000","45.0000000000","2.0000000000","0.0000000000","15.0000000000","1479","9.0000000000","","338.11","5.8","","5.78","","265.39","","","","","","","61.14","","","","","","","",""
"155","2019-10-16 20:10:38","4","nl","2019-10-16 20:00:57","2019-10-16 20:10:38","152.0000000000","Omron & app","5417","7021","9088","4905","7951","6570","8480","","","","Mobiel niet heel de dag bij me gehad","","","","3852","0","2.8","70000","4734","0","3.5","91000","8217","2184","6.1","171000","5134","3245","3.8","79000","8185","0","6.1","115000","4875","0","3.6","80000","5755","0","4.3","113000","Ja","Ja","Ja","Ja","Ja","Ja","Ja","","","","","","","","broekzak","broekzak","broekzak","broekzak","broekzak","broekzak","broekzak","2.0000000000","1.0000000000","0.0000000000","4.0000000000","0.0000000000","30.0000000000","3.0000000000","1.0000000000","","2034","8.0000000000","0.0000000000","582.64","10.14","","5.49","","409.79","","","","","","","157.22","","","","","","","",""
"156","2019-10-16 20:25:57","4","nl","2019-10-16 20:19:53","2019-10-16 20:25:57","50.0000000000","Omron & app","8983","5050","4389","3690","2857","4987","6064","","","","","","","","9221","0","8.2","228","5175","0","4.6","130","4586","0","4.0","99","1041","0","0.9","7","2125","0","1.8","69","5587","0","4.7","141","6360","0","5.6","244","Ja","Ja","Ja","Nee","Ja","Ja","Ja","","","","savond was ik vergeten de stappenteller bij me te dragen","","","","broekzak","broekzak","broekzak","broekrand","broekzak","broekrand","broekrand","0.0000000000","","","5.0000000000","1.0000000000","","2.0000000000","","","NAN","","","364.58","6.43","","8.23","","265.81","","","","","","","84.11","","","","","","","",""
"157","2019-10-16 20:43:45","4","nl","2019-10-16 20:34:26","2019-10-16 20:43:45","76.0000000000","Omron & app","12720","9439","5582","9109","7052","5035","6745","","","","","","","","11955","0","9.8","279","11805","1490","9.6","238","4847","0","3.9","92","7527","1660","6.1","215","1859","0","1.5","35","4725","0","3.8","103","6808","0","5.5","176","Ja","Ja","Ja","Ja","Nee","Ja","Ja","","","","","vergeten op delen van de dag","","","riem","riem","riem","riem","riem","riem","riem","3.0000000000","1.0000000000","30.0000000000","2.0000000000","2.0000000000","0.0000000000","2.0000000000","3.0000000000","0.0000000000","4308","7.0000000000","0.0000000000","551.7","9.1","","15.38","","364.61","","","","","","","162.61","","","","","","","",""
"158","2019-10-16 22:28:39","4","nl","2019-10-16 22:17:41","2019-10-16 22:28:39","184.0000000000","Omron","","","","","","","","","","","","","","","6927","0","5.2","269","1763","0","1.3","89","7331","0","5.5","240","2486","0","2","102","7638","0","5.7","243","8915","0","6.7","330","2254","0","1.7","97","Ja","Ja","Ja","Ja","Ja","Ja","Ja","","","","","","","","Broekzak","Broekzak","Broekzak","Broekzak","Broekzak","Broekzak","Broekzak","2.0000000000","2.0000000000","","6.0000000000","1.0000000000","","1.0000000000","","15.0000000000","3409.5","5.0000000000","","659.42","7.62","","5.43","","530.71","","","","","","","115.66","","","","","","","",""
"159","2019-10-16 22:43:02","4","nl","2019-10-16 22:32:33","2019-10-16 22:43:02","135.0000000000","Omron & app","14298","11800","22538","8715","5892","11629","18263","","","","","","","","12529","2014","9.5","218","7272","0","5.5","158","16597","1302","12.6","399","7013","0","5.3","103","5144","0","3.9","145","9046","0","6.8","221","12653","0","9.6","239","Ja","Ja","Ja","Ja","Ja","Ja","Ja","","","","","","","","riem","riem","riem","riem","riem","riem","riem","4.0000000000","1.0000000000","","6.0000000000","1.0000000000","","1.0000000000","","10.0000000000","3393","8.0000000000","40.0000000000","630.27","7.46","","6.19","","440.26","","","","","","","176.36","","","","","","","",""
"160","2019-10-17 00:01:55","4","nl","2019-10-16 23:55:17","2019-10-17 00:01:55","179.0000000000","Omron & app","5362","15043","5686","8094","1933","6062","5038","","Indoor training gevolgd zonder telefoon, maar met omron.","","","","Getraind op de ergometer, zonder telefoon maar met ergo.","","4728","0","3400","67","15236","0","11700","275","4148","0","3100","49","7203","1659","5500","97","1932","0","1400","19","5676","0","4300","75","4946","0","3800","71","Ja","Ja","Ja","Ja","Ja","Ja","Ja","","","","","","","","Broekzak","Broekzak","Broekzak","Broekzak","Broekzak","Broekzak","Broekzak","2.0000000000","1.0000000000","","6.0000000000","30.0000000000","","1.0000000000","30.0000000000","","50100","10.0000000000","","398.67","6.27","","6.76","","297.94","","","","","","","87.7","","","","","","","",""
"161","2019-10-17 10:14:55","4","nl","2019-10-17 10:05:19","2019-10-17 10:14:54","176.0000000000","Omron & app","9558","3913","6817","4895","2385","2751","5550","","","","","","","","6886","2634","5.5","171","3038","0","2.4","49","5891","0","4.7","139","6034","3691","4.9","152","1763","0","1.3","24","2398","0","1.9","57","8197","4865","6.5","159","Ja","Ja","Nee","Ja","Ja","Ja","Ja","","","s ochtends vergeten","","","","","broekrand","broekrand","broekrand","broekrand","broekrand","broekrand","broekrand","0.0000000000","","","1.0000000000","1.0000000000","30.0000000000","2.0000000000","","30.0000000000","NAN","6.0000000000","0.0000000000","575.91","34.87","","6.26","","477.79","","","","","","","56.99","","","","","","","",""
"162","2019-10-17 10:37:23","4","nl","2019-10-17 10:29:40","2019-10-17 10:37:23","169.0000000000","Omron & app","7124","9023","7936","11199","8125","6492","7180","","","","Niet bij gehad tijdens sporten","","","","4567","0","4.3","105","5000","0","3.9","58","12406","0","9.8","275","8585","3655","6.7","182","4479","0","3.5","80","5930","3103","4.6","148","4050","1070","3.1","129","Weet niet","Weet niet","Weet niet","Ja","Weet niet","Weet niet","Weet niet","","","","","","","","Broekzak","Broekrand","Broekrand","Broekrand","Broekrand","Broekzak","Broekrand","2.0000000000","1.0000000000","","7.0000000000","1.0000000000","","7.0000000000","1.0000000000","","4026","6.0000000000","","464.81","7.49","","5.64","","385.06","","","","","","","66.62","","","","","","","",""
"163","2019-10-17 10:44:28","4","nl","2019-10-17 10:37:50","2019-10-17 10:44:28","99.0000000000","Omron & app","9130","11971","4994","7825","7625","9009","9224","Telefoon thuis gelaten tijdens boodschappen doen. ","","","","","","","9612","1622","7.6","210","11649","1562","9.3","271","5085","0","4","78","5468","1310","4.3","101","3739","1105","2.9","73","0","0","0","0","6785","1289","5.4","181","Ja","Ja","Ja","Nee","Nee","Nee","Nee","","","","Halverwege de dag omgekleed en toen vergeten weer om te doen.","Pas in de middag omgedaan. ","Thuis vergeten. ","Halverwege de dag omgekleed en toen vergeten weer om te doen.","Heup","Heup","Middel","Middel","Middel","","Heup","1.0000000000","1.0000000000","30.0000000000","5.0000000000","","30.0000000000","6.0000000000","","30.0000000000","1914","8.0000000000","","399.91","6.83","","6.44","","321.21","","","","","","","65.43","","","","","","","",""
"164","2019-10-17 10:54:36","4","nl","2019-10-17 10:40:30","2019-10-17 10:54:36","168.0000000000","Omron & app","5102","6187","13827","447","2541","3120","3944","","","","telefoon bijna de hele dag niet meegenomen","","","1 uur gedanst zonder telefoon (en stappenteller)","5675","0","4.1","119","7552","27704","5.5","141","14464","9581","10.7","340","8719","841","6.4","201","2899","0","2.1","27","3486","0","2.5","51","4079","0","3.0","81","Ja","Ja","Ja","Ja","Ja","Ja","Ja","","","","","","","","broekrand","broekrand","broekzak","broekzak en broekrand","broekzak","broekzak","broekrand","1.0000000000","1.0000000000","0.0000000000","5.0000000000","0.0000000000","30.0000000000","3.0000000000","1.0000000000","15.0000000000","1822.5","10.0000000000","0.0000000000","847.51","41.97","","15.79","","584.66","","","","","","","205.09","","","","","","","",""
"165","","2","nl","2019-10-17 11:42:57","2019-10-17 11:43:15","18.0000000000","Omron & app","","","","","","","","","","","","","","","","","","","","","","","","","","","","","","","","","","","","","","","","","","","","","","","","","","","","","","","","","","","","","","","","","","","","","","","","","","","","18.63","7.1","","11.53","","","","","","","","","","","","","","","","",""
"166","2019-10-17 12:24:02","4","nl","2019-10-17 12:02:05","2019-10-17 12:24:02","90.0000000000","Omron & app","16545","8072","25732","27131","25507","8564","20402","telt stappen tijdens fietsen","telt stappen tijdens fietsen","telt stappen tijdens autorijden","","telt stappen tijdens autorijden/OV gebruiken","telt stappen tijdens fietsen","telt stappen tijdens fietsen","13960","7709","9.0","433","4667","0","3.0","64","17426","5008","11.3","278","29370","5633","19.0","616","12706","3879","8.2","197","1652","0","1.0","25","8908","1211","5.7","160","Ja","Ja","Ja","Ja","Ja","Nee","Nee","","","","","","Thuis vergeten in de ochtend","Vergeten meenemen tijdens looptraining","Horizontaal aan broek","Horizontaal aan broek","Horizontaal aan broek","Horizontaal(?) in fannypack","Horizontaal(?) in fannypack","Horizontaal aan broek","Horizontaal aan broek","2.0000000000","0.0000000000","45.0000000000","3.0000000000","0.0000000000","15.0000000000","6.0000000000","2.0000000000","","3276","2.0000000000","30.0000000000","1316.47","10.97","","6.32","","591.89","","","","","","","707.29","","","","","","","",""
"167","2019-10-17 13:08:34","4","nl","2019-10-17 13:02:47","2019-10-17 13:08:34","80.0000000000","Omron & app","12338","5906","5803","41271","7870","15498","23079","","","","","","","","13047","1196","10.0","145","10023","1626","7.7","197","5803","7973","0","56","41271","107571","25.3","618","4580","1320","3.5","82","12947","3676","9.9","338","20001","4824","15.4","425","Ja","Ja","Ja","Ja","Ja","Ja","Ja","","","","","","","","broekrand","broekrand","broekrand","broekrand","broekrand","broekrand","broekrand","3.0000000000","2.0000000000","30.0000000000","7.0000000000","0.0000000000","30.0000000000","6.0000000000","1.0000000000","0.0000000000","NAN","","","348.1","4.6","","6.56","","187.16","","","","","","","149.78","","","","","","","",""
"168","2019-10-17 13:28:16","4","nl","2019-10-17 13:19:19","2019-10-17 13:28:16","18.0000000000","Omron & app","12897","5426","3933","5644","6651","8523","11734","","","","","","","niet gedragen bij hockey training","9892","0","7.4","209","4183","0","3.1","58","4009","0","3","73","5616","0","4.1","101","6536","0","4.9","110","8117","2459","6","110","17776","7896","12","301","Ja","Ja","Ja","Ja","Ja","Ja","Ja","","","","","","","","heup","heup","heup","heup","heup","heup","heup","1.0000000000","1.0000000000","30.0000000000","5.0000000000","","30.0000000000","3.0000000000","","15.0000000000","1468.5","8.0000000000","","537.5","5.19","","5.74","","452.31","","","","","","","74.26","","","","","","","",""
"169","","2","nl","2019-10-17 13:29:12","2019-10-17 13:29:21","105.0000000000","Omron & app","","","","","","","","","","","","","","","","","","","","","","","","","","","","","","","","","","","","","","","","","","","","","","","","","","","","","","","","","","","","","","","","","","","","","","","","","","","","9.97","5.06","","4.91","","","","","","","","","","","","","","","","",""
"170","","2","nl","2019-10-17 13:49:36","2019-10-17 13:50:03","175.0000000000","Omron & app","","","","","","","","","","","","","","","","","","","","","","","","","","","","","","","","","","","","","","","","","","","","","","","","","","","","","","","","","","","","","","","","","","","","","","","","","","","","28.39","5.56","","22.83","","","","","","","","","","","","","","","","",""
"171","2019-10-17 14:08:33","4","nl","2019-10-17 13:59:39","2019-10-17 14:08:33","138.0000000000","Omron & app","9842","4087","4647","1687","4975","3544","4145","","","","","Telefoon amper bij me gehad ivm werk","","","0","0","0","0","8657","0","6.7","251","1796","0","2.0","57","8704","0","6.7","47","4371","0","3.4","90","3261","0","2.5","49","2328","0","1.8","35","Nee","Ja","Nee","Ja","Ja","Weet niet","Ja","Compleet de hele opdracht vergeten","","Andere broek aangedaan en stappenteller niet overgezet","","","Deels vergete","","","","","","","","","2.0000000000","1.0000000000","0.0000000000","5.0000000000","0.0000000000","20.0000000000","6.0000000000","0.0000000000","30.0000000000","1954","8.0000000000","0.0000000000","455.65","5.58","","6.57","","374.97","","","","","","","68.53","","","","","","","",""
"172","2019-10-17 15:20:50","4","nl","2019-10-17 14:56:05","2019-10-17 15:20:50","7.0000000000","Omron & app","8434","5199","7128","11142","9211","7360","11866","","Hockeytraining","","","Hockeywedstrijd","","","5906","3401","7.6","186","4997","1320","6.4","56","6987","2389","7.4","92","8054","4678","7.8","223","7543","3784","6.1","201","6789","3458","7.1","112","9080","6098","4.6","289","Ja","Ja","Nee","Ja","Nee","Ja","Ja","","","Activiteit vanaf 5 tot laat niet meegenomen (kon niet)","","Niet mee naar hockeywedstrijd en erheen lopen en terug (met ov erheen)","","","broekzak","broekzak","broekzak","broekzak","broekzak","broekzak","broekzak","2.0000000000","2.0000000000","","7.0000000000","4.0000000000","","7.0000000000","","50.0000000000","9795","9.0000000000","","1482.75","8.63","","7.83","","1358.2","","","","","","","108.09","","","","","","","",""
"173","2019-10-17 15:27:57","4","nl","2019-10-17 15:13:35","2019-10-17 15:27:57","160.0000000000","Omron & app","3032","2272","9329","971","2366","4122","10924","","","","","","","","3702","0","2.8","84","470","0","0.3","2","8289","0","6.3","237","1063","0","0.8","15","2513","2332","1.9","67","3196","0","2.4","82","9102","1332","7","247","Ja","Nee","Ja","Nee","Nee","Ja","Ja","","ik had rijexamen en was hem vergeten","","ik kreeg een blessure die dag en had hem toen afgedaan","ik heb hem alleen gedragen toen ik een stukje ging wandelen","","","broek","broek","broek","broek","jaszak","tas","tas","1.0000000000","","30.0000000000","3.0000000000","1.0000000000","0.0000000000","7.0000000000","","45.0000000000","1999.5","8.0000000000","","862.26","13.2","","5.81","","731.39","","","","","","","111.86","","","","","","","",""
"174","2019-10-17 16:07:09","4","nl","2019-10-17 16:02:12","2019-10-17 16:07:09","175.0000000000","Omron & app","8646","6151","10589","2203","1692","4947","8380","","","","","","","","8876","2657","6.7","246","3637","0","2.7","81","4508","0","3.4","96","1514","0","1.1","15","0","0","0","0","4016","0","3.0","86","8240","0","6.2","197","Ja","Ja","Ja","Weet niet","Nee","Ja","Ja","","","","Deels vergeten","Vergeten","","","Broekrand","Broekrand","Broekrand","Broekrand","Niet","Broekrand","Broekrand","0.0000000000","","","5.0000000000","1.0000000000","30.0000000000","1.0000000000","0.0000000000","30.0000000000","NAN","10.0000000000","0.0000000000","298.36","7.37","","6.04","","172.01","","","","","","","112.94","","","","","","","",""
"175","2019-10-17 16:47:16","4","nl","2019-10-17 16:30:46","2019-10-17 16:47:16","10.0000000000","Omron & app","0","0","0","0","0","7576","5552","niet gebruikt","niet gebruikt","niet gebruikt","niet gebruikt","niet gebruikt","","Niet gedragen tijdens training","9304","891","7410","339","1136","12","940","45","7600","673","6310","383","5368","652","4530","278","847","34","690","40","8703","886","7020","415","4292","920","29","162","Nee","Nee","Nee","Nee","Ja","Ja","Ja","Tas niet bij","Tas niet bij","Tas niet bij","Tas niet bij","","","","zijvak tas","zijvak tas","zijvak tas","zijvak tas","zijvak tas","zijvak tas","zijvak tas","4.0000000000","20.0000000000","","0.0000000000","","","3.0000000000","1.0000000000","","NAN","4.0000000000","","990.16","12.96","","5.7","","893.64","","","","","","","77.86","","","","","","","",""
"176","","3","nl","2019-10-17 17:24:58","2019-10-17 17:33:09","159.0000000000","Omron & app","4150","546","2464","1562","1774","2982","4981","","Werk, mobiel niet gebruikt","","Werk, mobiel niet gebruikt","","","","5232","0","4.1","182","6501","0","5.3","51","5430","0","4.4","212","7242","0","5.9","38","3829","2522","3.1","167","4708","0","3.8","123","6755","0","5.5","258","Ja","Ja","Ja","Ja","Ja","Ja","Ja","","","","","","","","riem","riem","riem","riem","riem","riem","riem","","","","","","","","","","NAN","","","491.86","5.65","","207.69","","278.52","","","","","","","","","","","","","","",""
"177","2019-10-17 17:58:30","4","nl","2019-10-17 17:51:53","2019-10-17 17:58:30","68.0000000000","Omron & app","8799","5585","6599","1547","6072","6453","10722","Telefoon niet de hele tijd op zak","Telefoon niet de hele tijd op zak","Telefoon niet de hele tijd op zak","Telefoon niet de hele tijd op zak","Telefoon niet de hele tijd op zak","Telefoon niet de hele tijd op zak","Telefoon niet de hele tijd op zak","11508","0","8.0","250","7006","0","4.9","171","7155","0","5.0","159","4667","0","3.2","25","8076","1820","5.6","197","7567","0","5.2","190","11250","4985","7.8","329","Ja","Ja","Ja","Ja","Ja","Ja","Ja","","","","","","","","broekrand","broekrand","broekrand","broekrand","broekrand","broekrand","broekrand","1.0000000000","1.0000000000","","6.0000000000","","40.0000000000","3.0000000000","","20.0000000000","1638","","12.0000000000","397.89","16.08","","7.08","","246.02","","","","","","","128.71","","","","","","","",""
"178","2019-10-17 19:15:40","4","nl","2019-10-17 19:08:50","2019-10-17 19:15:40","17.0000000000","Omron & app","4401","4268","4316","1370","6992","5187","4376","","","","","","","","5012","0","3.7","93","6055","0","4.5","84","4610","0","3.4","77","1609","0","1.2","6","7152","5234","5.3","136","4187","0","3.1","54","5117","0","3.8","67","Ja","Ja","Ja","Nee","Ja","Ja","Ja","","","","Ik werd laat wakker en ben toen vergeten de stappenteller direct om te doen","","","","broekrand","broekrand","broekrand","broekrand","broekrand","broekrand","broekrand","2.0000000000","1.0000000000","","5.0000000000","","15.0000000000","1.0000000000","1.0000000000","","1458","9.0000000000","","411.21","55.14","","7.43","","247.89","","","","","","","100.75","","","","","","","",""
"179","2019-10-17 20:41:34","4","nl","2019-10-17 20:24:56","2019-10-17 20:41:34","78.0000000000","Omron & app","6736","1096","7688","7356","8045","7773","9529","","","","","","","","5325","0","3.7","124","9080","3356","6.3","273","6591","1101","4.6","163","7092","3253","4.9","181","9095","0","6.3","211.68","7163","0","5.0","168","8923","0","6.2","208.32","Ja","Ja","Ja","Ja","Ja","Ja","Ja","","","","","","","","broekzak","broekzak","broekzak","broekzak","broekzak","broekzak","broekzak","4.0000000000","1.0000000000","30.0000000000","7.0000000000","","30.0000000000","7.0000000000","","30.0000000000","4413","6.0000000000","","1000.36","139.66","","5.47","","781.46","","","","","","","73.77","","","","","","","",""
"180","2019-10-17 20:34:39","4","nl","2019-10-17 20:27:51","2019-10-17 20:34:39","105.0000000000","Omron & app","12984","4757","5611","4295","7947","6497","6596","Feest van de Studievereniging","","","","","","","12158","0","9700","344","4690","0","3700","74","5611","0","2400","52","4295","0","2700","72","7947","0","3200","93","6497","0","5900","159","6596","0","2900","98","Ja","Ja","Ja","Ja","Ja","Ja","Ja","","","","","","","","broekrand","broekrand","broekrand","broekrand","broekrand","broekrand","broekrand","1.0000000000","3.0000000000","30.0000000000","0.0000000000","","","3.0000000000","1.0000000000","","NAN","10.0000000000","","409.66","6.45","","4.07","","287.19","","","","","","","111.95","","","","","","","",""
"181","2019-10-17 21:01:53","4","nl","2019-10-17 20:44:41","2019-10-17 21:01:53","9.0000000000","Omron & app","4173","5949","3003","3699","17582","5727","18154","","","","","","","","4094","0","2.6","108","5949","5774","3.6","148","2808","1000","1.7","62","1454","0","0.9","35","17456","15984","11.1","573","4546","0","2.9","93","16316","10284","10.4","453","Ja","Ja","Ja","Nee","Ja","Ja","Ja","","","","Het regende best wel hard, dus ik wilde niet dat de Omron buiten kapot zou gaan.","","","","broekzak","broekzak","broekzak","broekzak","broekzak","broekzak","broekzak","1.0000000000","0.0000000000","30.0000000000","4.0000000000","0.0000000000","15.0000000000","4.0000000000","0.0000000000","20.0000000000","744","10.0000000000","","1033.29","7.07","","6.32","","378.97","","","","","","","640.93","","","","","","","",""
"182","","2","nl","2019-10-17 21:06:13","2019-10-17 21:06:43","190.0000000000","Omron & app","","","","","","","","","","","","","","","","","","","","","","","","","","","","","","","","","","","","","","","","","","","","","","","","","","","","","","","","","","","","","","","","","","","","","","","","","","","","31.09","22.73","","8.36","","","","","","","","","","","","","","","","",""
"183","2019-10-17 21:42:45","4","nl","2019-10-17 21:36:33","2019-10-17 21:42:45","178.0000000000","Omron & app","7774","17231","4720","8196","6628","9875","4972","","","","","","","","6604","0","4.8","110","12456","0","12.7","393","6525","0","3.4","104","9859","1114","7.2","224","4724","1338","3.4","94","7497","0","8.2","254","5483","0","3.7","126","Ja","Ja","Ja","Ja","Ja","Nee","Nee","","","","","","Vergeten","Vergeten","Broekzak","Broekzak","Broekzak","Broekzak","Broekzak","Broekzak","Broekzak","2.0000000000","1.0000000000","0.0000000000","7.0000000000","1.0000000000","0.0000000000","4.0000000000","0.0000000000","30.0000000000","3036","4.0000000000","0.0000000000","370.7","21.99","","6.3","","255.28","","","","","","","87.13","","","","","","","",""
"184","2019-10-17 21:53:48","4","nl","2019-10-17 21:42:40","2019-10-17 21:53:48","190.0000000000","Omron & app","3325","4006","9976","6826","2977","10488","5552","","","Een deel van deze stappen zijn nog van donderdag nacht.","","","","","2700","0","2.2","50","6783","0","5.5","112","6411","0","5.2","177","6010","1122","4.9","136","2070","0","1.6","24","10056","4378","8.2","290","4553","0","3.7","138","Nee","Ja","Ja","Nee","Ja","Ja","Ja","Omron zat nog in jaszak, en die had ik in de auto laten liggen.","Had mijn pyjamabroek een groot gedeelte van de dag aan","","Had mijn pyjamabroek een groot gedeelte van de dag aan","Had mijn pyjamabroek een groot gedeelte van de dag aan","","","Riem","Riem","Riem","Riem","Riem","Riem","Riem","0.0000000000","","","2.0000000000","2.0000000000","30.0000000000","4.0000000000","0.0000000000","45.0000000000","NAN","10.0000000000","0.0000000000","669.55","3.92","","6.35","","547.38","","","","","","","111.9","","","","","","","",""
"185","2019-10-17 21:58:18","4","nl","2019-10-17 21:50:35","2019-10-17 21:58:18","79.0000000000","Omron & app","4735","6944","7282","2410","6003","5089","1046","","","","Hele dag gewerkt zonder telefoon","","","","4905","0","3.5","105","7660","0","5.5","139","5738","0","4.1","90","4692","0","3.3","42","6182","5180","4.4","261","4079","0","2.9","79","11572","5413","8.3","443","Ja","Ja","Ja","Ja","Ja","Ja","Ja","","","","","","","","Broekzak","Riem","Broekzak","Riem","Riem","Riem","Riem","3.0000000000","1.0000000000","30.0000000000","5.0000000000","1.0000000000","","7.0000000000","1.0000000000","","4746","10.0000000000","","461.34","8.75","","5.99","","362.93","","","","","","","83.67","","","","","","","",""
"186","2019-10-17 22:25:55","4","nl","2019-10-17 22:21:07","2019-10-17 22:25:55","159.0000000000","Omron & app","4150","546","2464","1562","1774","2982","4981","","Werk, app niet gebruikt","","Werk, app niet gebruikt","","","","5232","0","4.1","182","6501","0","5.3","51","5430","0","4.4","212","7242","0","5.9","28","3829","2522","3.1","167","4708","0","3.8","123","6755","0","5.5","258","Ja","Nee","Ja","Ja","Ja","Ja","Ja","","Vergeten","","","","","","Riem","Riem","Riem","Riem","Riem","Riem","Riem","3.0000000000","1.0000000000","30.0000000000","6.0000000000","2.0000000000","0.0000000000","3.0000000000","2.0000000000","0.0000000000","6228","7.0000000000","0.0000000000","289.89","5.32","","4.23","","184.54","","","","","","","95.8","","","","","","","",""
"187","2019-10-17 23:12:44","4","nl","2019-10-17 23:00:17","2019-10-17 23:12:44","170.0000000000","Omron & app","4656","4416","2247","4305","984","3268","5862","","","","","Was hele week ziek dus heel weinig gelopen","","","4000","0","3.1","80","1548","0","0.3","1","1800","0","0.4","1","4149","0","3.4","85","1980","0","0.5","2","2973","0","2.4","53","4989","0","4.1","100","Weet niet","Nee","Weet niet","Ja","Ja","Weet niet","Weet niet","","ging nog niet automatisch om mee te nemen dis verg","niet omgehad bij sporten","","","Niet omgehad bij sporten","Niet omgehad bij sporten","broek","shirt","Shirt","Shirt","Shirt","Shirt","Shirt","4.0000000000","1.0000000000","30.0000000000","5.0000000000","0.0000000000","30.0000000000","3.0000000000","0.0000000000","10.0000000000","3579","3.0000000000","0.0000000000","748.66","7.61","","8.57","","628.65","","","","","","","103.83","","","","","","","",""
"188","","","nl","2019-10-18 06:26:37","2019-10-18 06:26:37","","","","","","","","","","","","","","","","","","","","","","","","","","","","","","","","","","","","","","","","","","","","","","","","","","","","","","","","","","","","","","","","","","","","","","","","","","","","","","0","","","","","","","","","","","","","","","","","","","",""
"189","2019-10-18 08:06:25","4","nl","2019-10-18 08:00:02","2019-10-18 08:06:25","14.0000000000","Omron & app","12381","7928","19220","9225","8643","3771","7104","Gehockeyed. Niet mijn telefoon wel mijn stappenteller","Telefoon staat op 00:00 en de stappenteller om 03:00. Aangezien ik op stap was tot 3 uur komt dit niet overeen.","Telefoon staat op 00:00 en de stappenteller om 03:00. Aangezien ik op stap was tot 3 uur komt dit niet overeen.","","Gehockeyed. Niet mijn telefooon, wel stappenteller","","","17107","5106","13","630","10586","2272","8","292","11085","0","8","279","6768","0","5","165","16327","4770","12","633","3273","0","3","57","7038","976","5","158","Ja","Ja","Ja","Ja","Ja","Ja","Ja","","","","","","","","Broekrand","Broekrand","Broekrand","Broekrand","Broekrand","Broekrand","Broekrand","3.0000000000","1.0000000000","30.0000000000","7.0000000000","","30.0000000000","5.0000000000","","30.0000000000","3495","6.0000000000","","383.59","6.39","","5.63","","289.41","","","","","","","82.16","","","","","","","",""
"190","","0","nl","2019-10-18 09:44:38","2019-10-18 09:45:57","","","","","","","","","","","","","","","","","","","","","","","","","","","","","","","","","","","","","","","","","","","","","","","","","","","","","","","","","","","","","","","","","","","","","","","","","","","","","","79.75","79.75","","","","","","","","","","","","","","","","","","",""
"191","2019-10-18 09:56:37","4","nl","2019-10-18 09:44:39","2019-10-18 09:56:37","162.0000000000","Omron & app","4878","6979","7176","9174","5320","7911","11867","","","","","","","","5002","0","3.7","86","5788","0","4.3","100","6586","0","4.9","114","9510","0","7.1","140","5225","4357","3.9","277","6865","921","5.1","114","9934","1136","7.4","206","Ja","Ja","Ja","Ja","Ja","Ja","Ja","","","","","","","","broekrand","broekrand","broekzak","broekzak","broekrand","broekrand","broekrand","2.0000000000","1.0000000000","","7.0000000000","1.0000000000","","3.0000000000","","30.0000000000","2937","6.0000000000","30.0000000000","719.41","6.72","","42.51","","580.9","","","","","","","89.28","","","","","","","",""
"192","2019-10-18 10:36:45","4","nl","2019-10-18 10:27:47","2019-10-18 10:36:45","130.0000000000","Omron & app","6266","9226","4591","43","8216","8204","3892","","","","","","","","9061","1127","6.1","180","9820","5952","6.6","222","5146","1271","3.4","105","410","0","02","0","8697","4132","5.9","128","8815","5735","5.9","196","4391","0","2.9","73","Ja","Ja","Ja","Ja","Ja","Ja","Ja","","","","","","","","broekrand","broekrand","broekrand","broekzak","broekrand","broekrand","broekrand","3.0000000000","2.0000000000","","5.0000000000","1.5000000000","","1.0000000000","4.0000000000","","5472","5.0000000000","","539.82","5.81","","6.2","","468.04","","","","","","","59.77","","","","","","","",""
"193","2019-10-18 11:39:02","4","nl","2019-10-18 11:14:30","2019-10-18 11:39:02","158.0000000000","Omron & app","10065","7212","9569","4377","1386","4613","5472","","","op het werk niet gedragen","","","","","9485","0","8.1","232","6179","0","5.3","125","11517","2566","9.9","230","5007","0","4.3","37","935","0","0.8","1","4334","0","3.7","89","4807","0","4.1","103","Ja","Ja","Ja","Ja","Ja","Ja","Ja","","","","","","","","broekzak","broekzak","broekzak","broekzak","broekzak","broekzak","broekzak","4.0000000000","1.0000000000","30.0000000000","4.0000000000","0.0000000000","20.0000000000","3.0000000000","0.0000000000","20.0000000000","3398","8.0000000000","0.0000000000","1472.49","13.55","","7.3","","207.88","","","","","","","1243.76","","","","","","","",""
"196","2019-10-18 14:21:52","4","nl","2019-10-18 13:44:46","2019-10-18 14:21:52","93.0000000000","Omron & app","8615","5368","9535","11165","6797","10651","17300","/","Hockeytraining","/","/","Hockeywedstrijd","/","Hockeytraining","6290","2739","7.4","127","4786","1524","4.1","78","6892","3798","6.3","203","10372","7255","7.8","301","5937","3425","6.1","189","8936","6093","7.6","245","14039","9673","9.2","378","Ja","Ja","Ja","Nee","Ja","Ja","Nee","","","","Prive omstandigheden (nare familiegebeurtenis)","","","Perongeluk thuis laten liggen","broekzak","broekzak","broekzak","broekzak","broekzak","broekzak","broekzak","3.0000000000","2.0000000000","0.0000000000","7.0000000000","0.0000000000","30.0000000000","4.0000000000","0.0000000000","15.0000000000","3918","5.0000000000","0.0000000000","2227.79","4.69","","4.05","","2090.08","","","","","","","128.97","","","","","","","",""
"195","2019-10-18 13:39:53","4","nl","2019-10-18 13:33:55","2019-10-18 13:39:53","101.0000000000","Omron & app","10624","6451","9984","1293","3634","5851","9066","","","","Niet de hele dag bij me gehad","","","","8260","2034","8","169","6451","1320","4.8","102","9015","2180","7.5","159","10312","5012","9.5","175","3412","403","2.7","58","4956","4965","4.3","94","7935","7935","6.8","145","Ja","Ja","Ja","Weet niet","Weet niet","Ja","Ja","","","","","","","","","","","","","","","5.0000000000","1.0000000000","","4.0000000000","0.0000000000","30.0000000000","7.0000000000","0.0000000000","20.0000000000","3342","5.0000000000","0.0000000000","359.68","12.71","","4.61","","271.64","","","","","","","70.72","","","","","","","",""
"197","2019-10-18 15:33:31","4","nl","2019-10-18 15:28:07","2019-10-18 15:33:31","182.0000000000","Omron & app","14205","6895","10096","19604","4346","5593","18038","-","-","-","uit gegaan","-","-","-","0","0","0","0","0","0","0","0","0","0","0","0","0","0","0","0","0","0","0","0","0","0","0","0","0","0","0","0","Nee","Nee","Nee","Nee","Nee","Nee","Nee","kapot","kapot","kapot","kapot","kapot","kapot","kapot","-","-","-","-","-","-","-","0.0000000000","","","2.0000000000","2.0000000000","","5.0000000000","","30.0000000000","NAN","8.0000000000","","325.02","39.36","","6.17","","240.76","","","","","","","38.73","","","","","","","",""
"198","2019-10-18 16:25:39","4","nl","2019-10-18 16:09:49","2019-10-18 16:25:39","153.0000000000","Omron & app","7279","4268","5796","2012","915","2223","2920","","","","","","","","11487","1144","9.6","340","9963","3368","8.3","245","11537","0","9.6","243","5215","0","4.3","112","1668","0","1.1","4","5928","0","4.9","110","3711","0","3.1","59","Ja","Ja","Ja","Ja","Ja","Ja","Ja","","","","","","","","broekzak","broekzak","broekzak","broekzak","broekzak","broekzak","broekzak","2.0000000000","","","7.0000000000","","","4.0000000000","","","0","4.0000000000","30.0000000000","951.14","9.03","","13","","819.9","","","","","","","109.21","","","","","","","",""
"199","2019-10-18 17:50:37","4","nl","2019-10-18 17:27:24","2019-10-18 17:50:37","151.0000000000","Omron & app","8591","8305","5743","12376","11576","6773","7256","","","","","","","","5925","849","4200","66","11048","3387","10100","227","3191","0","2300","31","17565","7694","12800","283","4688","1618","3400","54","1689","0","1200","6","7256","0","4400","95","Nee","Ja","Ja","Ja","Nee","Nee","Nee","Om 18.00u heb ik de stappenteller afgedaan om te gaan hardlopen en vervolgens heb ik niet opnieuw bevestigd.","","","","s Avonds heb ik het apparaat afgedaan, omdat ik mij niet lekker voelde en naar bed ging.","Ik was ziek en dacht dat het niet veel zou toevoegen wanneer ik de stappenteller in bed zou dragen.","Ik was ziek en dacht dat het niet veel zou toevoegen wanneer ik de stappenteller in bed zou dragen.","broekrand","broekrand en sok","broekrand","broekrand en sok","broekzak","broekzak","broekrand","3.0000000000","2.0000000000","","5.0000000000","","50.0000000000","5.0000000000","","","3880","","","1393.46","6.01","","9.94","","1156.93","","","","","","","220.58","","","","","","","",""
"200","2019-10-18 18:04:42","4","nl","2019-10-18 17:55:09","2019-10-18 18:04:42","164.0000000000","Omron & app","8138","4893","11804","12253","5694","11187","14587","","","","stappenteller ontbreekt ","'","'","'","8002","4039","4.5","396","4500","2250","8.3","402","0","0","0","0","0","0","0","0","0","0","0","0","0","0","0","0","0","0","0","0","Weet niet","Ja","Nee","Nee","Nee","Nee","Nee","","","omron gestolen","'","'","'","'","","broekzak","broekzak","'","'","'","'","5.0000000000","2.0000000000","20.0000000000","2.0000000000","2.0000000000","0.0000000000","2.0000000000","2.0000000000","","7352","4.0000000000","","574.66","13.59","","5.5","","440.97","","","","","","","114.6","","","","","","","",""
"201","","2","nl","2019-10-22 17:15:34","2019-10-22 17:15:44","74.0000000000","Omron & app","","","","","","","","","","","","","","","","","","","","","","","","","","","","","","","","","","","","","","","","","","","","","","","","","","","","","","","","","","","","","","","","","","","","","","","","","","","","10.51","6.22","","4.29","","","","","","","","","","","","","","","","",""
"202","2019-10-22 18:48:05","4","nl","2019-10-22 18:42:04","2019-10-22 18:48:05","74.0000000000","Omron & app","6953","6723","6353","8398","6795","10582","7722","","","","","","","","6717","0","4.9","185","6390","1178","4.7","185","6019","0","4.4","185","8323","4303","6.1","246","6941","2883","5.1","207","10717","4478","7.9","330","7189","2040","5.3","214","Ja","Ja","Ja","Ja","Ja","Ja","Ja","","","","","","","","broekzak","broekzak","broekzak","broekzak","broekzak","broekzak","broekzak","0.0000000000","","","0.0000000000","","","3.0000000000","0.0000000000","20.0000000000","NAN","8.0000000000","0.0000000000","360.72","4.1","","3.23","","262.75","","","","","","","90.64","","","","","","","",""
"203","2019-10-23 09:44:02","4","nl","2019-10-23 09:35:46","2019-10-23 09:44:02","46.0000000000","Omron","","","","","","","","","","","","","","","6605","0","4.7","233","7647","0","5.5","232","3817","0","2.7","73","4595","0","3.3","34","3210","0","2.3","71","5187","0","3.7","164","6235","0","4.4","190","Ja","Ja","Ja","Ja","Ja","Ja","Ja","","","","","","","","riem","riem","riem","riem","riem","riem","riem","0.0000000000","","","7.0000000000","0.0000000000","30.0000000000","5.0000000000","1.0000000000","30.0000000000","NAN","5.0000000000","","496.98","160.41","","8.78","","199.08","","","","","","","128.71","","","","","","","",""
"204","2019-10-23 09:42:14","4","nl","2019-10-23 09:36:04","2019-10-23 09:42:14","185.0000000000","Omron & app","15366","75501","8963","3270","9646","4556","6822","","Deze avond ging ik uit, dus een deel van de stappen van die dag zijn na 12 uur gezet en horen dus bij vrijdag ","","","","","","15082","5053","12","474","14061","0","11.2","269","5166","0","4.1","97","3351","983","2.6","20","8459","0","6.7","116","5734","0","4.5","103","0","0","0","0","Ja","Ja","Ja","Ja","Ja","Ja","Nee","","","","","","","Ik ben m vergeten om te doen s ochtends ","broekrand","broekzak","broekzak","broekzak","broekzak","broekzak","","3.0000000000","1.0000000000","30.0000000000","7.0000000000","","30.0000000000","3.0000000000","","15.0000000000","3148.5","5.0000000000","","368.53","63.14","","7.62","","239.75","","","","","","","58.02","","","","","","","",""

